id;type;fichier;dimensions;duree;ratio;escale;reference_ou_depart;statut;zones;effets_moteur;prompt_fr;prompt_en;negatif
decor-balances;image;assets/images/decors/balances.webp;1920×1080;;16:9;1;;déposé (Agnes agnes-image-2.5-flash, 2026-10-06);"objet-1 (6,14,26,34); objet-2 (37,10,26,34); objet-3 (68,14,26,34); objet-4 (37,48,26,26)";poussière, vignette, grain;Décor en plan large, 16:9 : La salle des balances — rez-de-chaussée du laboratoire. Sur les étagères, des balances de toutes les tailles : une vieille balance à deux plateaux en cuivre, une balance électronique, une boîte de masses marquées. Au sol, des fioles renversées portent encore leur étiquette. Composition lisible avec 4 objets distincts bien séparés (un par énigme), espace sombre et dégagé en bas de l'image pour la plaque de dialogue. peinture numérique semi-réaliste, ambiance de cinéma, lumière chaude contre ombres bleutées, matières nobles, détails narratifs, grain léger, profondeur de champ. Aucun texte lisible, aucun personnage au premier plan.;;texte, lettres, logo, filigrane, mains déformées, doigts en trop, visage déformé, flou, personne réelle, style dessin animé
video-transition-e1;vidéo;assets/videos/transition-e1.mp4;1280×720;8 s;16:9;1;assets/medias-depart/transition-e1.jpg;à produire;;voix et sous-titres dans le code;"Image de départ : le décor de la salle 1. Lent travelling avant ; l'ambiance vit (poussière, lumière qui vacille, objets qui bougent légèrement). Aucun texte, aucune lettre.";;texte, lettres, logo, filigrane, mains déformées, doigts en trop, visage déformé, flou, personne réelle, style dessin animé
decor-cuisine;image;assets/images/decors/cuisine.webp;1920×1080;;16:9;2;;déposé (Agnes agnes-image-2.5-flash, 2026-10-06);"objet-1 (6,14,26,34); objet-2 (37,10,26,34); objet-3 (68,14,26,34); objet-4 (37,48,26,26)";poussière, vignette, grain;Décor en plan large, 16:9 : La cuisine d'essai — là où l'on teste les mélanges du quotidien. Un plan de travail blanc, une cafetière, un sucrier, des verres gradués et une balance de cuisine. Une affiche au mur : « Cuisine d'essai du laboratoire : ici, on mesure, on ne goûte pas. » Composition lisible avec 4 objets distincts bien séparés (un par énigme), espace sombre et dégagé en bas de l'image pour la plaque de dialogue. peinture numérique semi-réaliste, ambiance de cinéma, lumière chaude contre ombres bleutées, matières nobles, détails narratifs, grain léger, profondeur de champ. Aucun texte lisible, aucun personnage au premier plan.;;texte, lettres, logo, filigrane, mains déformées, doigts en trop, visage déformé, flou, personne réelle, style dessin animé
video-transition-e2;vidéo;assets/videos/transition-e2.mp4;1280×720;8 s;16:9;2;assets/medias-depart/transition-e2.jpg;à produire;;voix et sous-titres dans le code;"Image de départ : le décor de la salle 2. Lent travelling avant ; l'ambiance vit (poussière, lumière qui vacille, objets qui bougent légèrement). Aucun texte, aucune lettre.";;texte, lettres, logo, filigrane, mains déformées, doigts en trop, visage déformé, flou, personne réelle, style dessin animé
decor-fioles;image;assets/images/decors/fioles.webp;1920×1080;;16:9;3;;déposé (Agnes agnes-image-2.5-flash, 2026-10-06);"objet-1 (6,14,26,34); objet-2 (37,10,26,34); objet-3 (68,14,26,34); objet-4 (37,48,26,26)";poussière, vignette, grain;Décor en plan large, 16:9 : La salle des fioles — premier étage. Des centaines de fioles bouchées, bien rangées sur des étagères. Certaines sont transparentes, d'autres ont deux couches, d'autres encore sont troubles avec un dépôt au fond. Au mur, le portrait de Madame Mélange, loupe à la main. Composition lisible avec 4 objets distincts bien séparés (un par énigme), espace sombre et dégagé en bas de l'image pour la plaque de dialogue. peinture numérique semi-réaliste, ambiance de cinéma, lumière chaude contre ombres bleutées, matières nobles, détails narratifs, grain léger, profondeur de champ. Aucun texte lisible, aucun personnage au premier plan.;;texte, lettres, logo, filigrane, mains déformées, doigts en trop, visage déformé, flou, personne réelle, style dessin animé
video-transition-e3;vidéo;assets/videos/transition-e3.mp4;1280×720;8 s;16:9;3;assets/medias-depart/transition-e3.jpg;à produire;;voix et sous-titres dans le code;"Image de départ : le décor de la salle 3. Lent travelling avant ; l'ambiance vit (poussière, lumière qui vacille, objets qui bougent légèrement). Aucun texte, aucune lettre.";;texte, lettres, logo, filigrane, mains déformées, doigts en trop, visage déformé, flou, personne réelle, style dessin animé
decor-atelier;image;assets/images/decors/atelier.webp;1920×1080;;16:9;4;;déposé (Agnes agnes-image-2.5-flash, 2026-10-06);"objet-1 (6,14,26,34); objet-2 (37,10,26,34); objet-3 (68,14,26,34); objet-4 (37,48,26,26)";poussière, vignette, grain;Décor en plan large, 16:9 : L'atelier de tri — au sous-sol. Des bacs en plastique alignés sur un établi, des tamis accrochés au mur, une bassine d'eau et un gros aimant en fer à cheval. Dans un bac, du sable gris brille par endroits : de la limaille de fer. Composition lisible avec 4 objets distincts bien séparés (un par énigme), espace sombre et dégagé en bas de l'image pour la plaque de dialogue. peinture numérique semi-réaliste, ambiance de cinéma, lumière chaude contre ombres bleutées, matières nobles, détails narratifs, grain léger, profondeur de champ. Aucun texte lisible, aucun personnage au premier plan.;;texte, lettres, logo, filigrane, mains déformées, doigts en trop, visage déformé, flou, personne réelle, style dessin animé
video-transition-e4;vidéo;assets/videos/transition-e4.mp4;1280×720;8 s;16:9;4;assets/medias-depart/transition-e4.jpg;à produire;;voix et sous-titres dans le code;"Image de départ : le décor de la salle 4. Lent travelling avant ; l'ambiance vit (poussière, lumière qui vacille, objets qui bougent légèrement). Aucun texte, aucune lettre.";;texte, lettres, logo, filigrane, mains déformées, doigts en trop, visage déformé, flou, personne réelle, style dessin animé
decor-saline;image;assets/images/decors/saline.webp;1920×1080;;16:9;5;;déposé (Agnes agnes-image-2.5-flash, 2026-10-06);"objet-1 (6,14,26,34); objet-2 (37,10,26,34); objet-3 (68,14,26,34); objet-4 (37,48,26,26)";poussière, vignette, grain;Décor en plan large, 16:9 : La saline — la paillasse de filtration, face aux marais salants. Une grande fenêtre donne sur les bassins d'un marais salant. Sur la paillasse : un entonnoir, du papier filtre, des béchers, une coupelle posée au soleil. Et, au centre, le dernier bocal de Madame Mélange. Composition lisible avec 4 objets distincts bien séparés (un par énigme), espace sombre et dégagé en bas de l'image pour la plaque de dialogue. peinture numérique semi-réaliste, ambiance de cinéma, lumière chaude contre ombres bleutées, matières nobles, détails narratifs, grain léger, profondeur de champ. Aucun texte lisible, aucun personnage au premier plan.;;texte, lettres, logo, filigrane, mains déformées, doigts en trop, visage déformé, flou, personne réelle, style dessin animé
video-transition-e5;vidéo;assets/videos/transition-e5.mp4;1280×720;8 s;16:9;5;assets/medias-depart/transition-e5.jpg;à produire;;voix et sous-titres dans le code;"Image de départ : le décor de la salle 5. Lent travelling avant ; l'ambiance vit (poussière, lumière qui vacille, objets qui bougent légèrement). Aucun texte, aucune lettre.";;texte, lettres, logo, filigrane, mains déformées, doigts en trop, visage déformé, flou, personne réelle, style dessin animé
portrait-lila;image;assets/images/personnages/lila.webp;1200×1600;;3:4;toutes;;déposé (Agnes agnes-image-2.5-flash, 2026-10-06);;respiration, clignement, bouche animée (moteur);Portrait de référence, plan taille, cadrage vertical, fond flou. Lila : Apprentie chimiste, 11 ans. Personnage inventé, visage non réel. peinture numérique semi-réaliste, ambiance de cinéma, lumière chaude contre ombres bleutées, matières nobles, détails narratifs, grain léger, profondeur de champ.;;texte, lettres, logo, filigrane, mains déformées, doigts en trop, visage déformé, flou, personne réelle, style dessin animé
portrait-marius;image;assets/images/personnages/marius.webp;1200×1600;;3:4;toutes;;déposé (Agnes agnes-image-2.5-flash, 2026-10-06);;respiration, clignement, bouche animée (moteur);Portrait de référence, plan taille, cadrage vertical, fond flou. Marius : Cuisinier de la cuisine d'essai. Personnage inventé, visage non réel. peinture numérique semi-réaliste, ambiance de cinéma, lumière chaude contre ombres bleutées, matières nobles, détails narratifs, grain léger, profondeur de champ.;;texte, lettres, logo, filigrane, mains déformées, doigts en trop, visage déformé, flou, personne réelle, style dessin animé
portrait-nadia;image;assets/images/personnages/nadia.webp;1200×1600;;3:4;toutes;;déposé (Agnes agnes-image-2.5-flash, 2026-10-06);;respiration, clignement, bouche animée (moteur);Portrait de référence, plan taille, cadrage vertical, fond flou. Nadia : Laborantine de l'atelier de tri. Personnage inventé, visage non réel. peinture numérique semi-réaliste, ambiance de cinéma, lumière chaude contre ombres bleutées, matières nobles, détails narratifs, grain léger, profondeur de champ.;;texte, lettres, logo, filigrane, mains déformées, doigts en trop, visage déformé, flou, personne réelle, style dessin animé
portrait-yann;image;assets/images/personnages/yann.webp;1200×1600;;3:4;toutes;;déposé (Agnes agnes-image-2.5-flash, 2026-10-06);;respiration, clignement, bouche animée (moteur);Portrait de référence, plan taille, cadrage vertical, fond flou. Yann : Paludier, ramasseur de sel de mer. Personnage inventé, visage non réel. peinture numérique semi-réaliste, ambiance de cinéma, lumière chaude contre ombres bleutées, matières nobles, détails narratifs, grain léger, profondeur de champ.;;texte, lettres, logo, filigrane, mains déformées, doigts en trop, visage déformé, flou, personne réelle, style dessin animé
portrait-melange;image;assets/images/personnages/melange.webp;1200×1600;;3:4;toutes;;déposé (Agnes agnes-image-2.5-flash, 2026-10-06);;respiration, clignement, bouche animée (moteur);Portrait de référence, plan taille, cadrage vertical, fond flou. Madame Mélange : Chimiste, directrice du laboratoire. Personnage inventé, visage non réel. peinture numérique semi-réaliste, ambiance de cinéma, lumière chaude contre ombres bleutées, matières nobles, détails narratifs, grain léger, profondeur de champ.;;texte, lettres, logo, filigrane, mains déformées, doigts en trop, visage déformé, flou, personne réelle, style dessin animé
